<?xml version="1.0" encoding="UTF-8"?>

<!DOCTYPE mapper
    PUBLIC "-//mybatis.org//DTD Mapper 3.0//EN"
    "http://mybatis.org/dtd/mybatis-3-mapper.dtd">

<mapper namespace="com.javalec.team.dao.CartDao">

     
	
	<insert id="insertCart">
		insert into cart(c_code,c_amount,G_CODE,u_id,g_price) VALUES(CART_SEQ.nextval,${c_amount},${g_code},'wjdcksgml',${g_price})
    </insert>
    
    <select id="getAllCart" resultType="com.javalec.team.dto.CartDto">
        select c_code,c_amount,G_CODE,u_id,g_price from cart where u_id=#{u_id} 
    </select> 
 
    
    <delete id="delCart" parameterType="hashmap">
       	 delete from cart where c_code= #{c_code}
    </delete>
    
    <select id="cartlistbuy" resultType="com.javalec.team.dto.CartDto">
        select c_code,c_amount,G_CODE,u_id,g_price from cart where u_id=#{u_id} and c_code=#{c_code}
    </select> 
    
    <update id="updateCart" parameterType="hashmap">
       	update cart set c_amount = #{c_amount} where c_code=#{c_code} 
       	
    </update>
  
</mapper>